<?xml version="1.0" encoding="UTF-8"?>
<GenRun Id="dsp_addsub_synth_1" LaunchPart="xc7vx485tffg1157-1" LaunchTime="1714449391">
  <File Type="PA-TCL" Name="dsp_addsub.tcl"/>
  <File Type="REPORTS-TCL" Name="dsp_addsub_reports.tcl"/>
  <File Type="RDS-RDS" Name="dsp_addsub.vds"/>
  <File Type="RDS-UTIL" Name="dsp_addsub_utilization_synth.rpt"/>
  <File Type="RDS-UTIL-PB" Name="dsp_addsub_utilization_synth.pb"/>
  <File Type="RDS-DCP" Name="dsp_addsub.dcp"/>
  <FileSet Name="sources" Type="BlockSrcs" RelSrcDir="$PSRCDIR/dsp_addsub" RelGenDir="$PGENDIR/dsp_addsub">
    <File Path="$PSRCDIR/sources_1/ip/dsp_addsub_1/dsp_addsub.xci">
      <FileInfo>
        <Attr Name="ImportPath" Val="$PPRDIR/../../../../../../../../Grant_Lance_HA3/Grant_Lance_HA3.srcs/sources_1/ip/dsp_addsub_1/dsp_addsub.xci"/>
        <Attr Name="ImportTime" Val="1714449390"/>
        <Attr Name="UsedIn" Val="synthesis"/>
        <Attr Name="UsedIn" Val="implementation"/>
        <Attr Name="UsedIn" Val="simulation"/>
      </FileInfo>
    </File>
    <Config>
      <Option Name="TopModule" Val="dsp_addsub"/>
      <Option Name="UseBlackboxStub" Val="1"/>
    </Config>
  </FileSet>
  <FileSet Name="constrs_in" Type="BlockSrcs" RelSrcDir="$PSRCDIR/dsp_addsub" RelGenDir="$PGENDIR/dsp_addsub">
    <File Path="$PSRCDIR/sources_1/ip/dsp_addsub_1/dsp_addsub.xci">
      <FileInfo>
        <Attr Name="ImportPath" Val="$PPRDIR/../../../../../../../../Grant_Lance_HA3/Grant_Lance_HA3.srcs/sources_1/ip/dsp_addsub_1/dsp_addsub.xci"/>
        <Attr Name="ImportTime" Val="1714449390"/>
        <Attr Name="UsedIn" Val="synthesis"/>
        <Attr Name="UsedIn" Val="implementation"/>
        <Attr Name="UsedIn" Val="simulation"/>
      </FileInfo>
    </File>
    <Config>
      <Option Name="TopModule" Val="dsp_addsub"/>
      <Option Name="UseBlackboxStub" Val="1"/>
    </Config>
  </FileSet>
  <FileSet Name="utils" Type="Utils" RelSrcDir="$PSRCDIR/utils_1" RelGenDir="$PGENDIR/utils_1">
    <Filter Type="Utils"/>
    <Config>
      <Option Name="TopAutoSet" Val="TRUE"/>
    </Config>
  </FileSet>
  <Strategy Version="1" Minor="2">
    <StratHandle Name="Vivado Synthesis Defaults" Flow="Vivado Synthesis 2023"/>
    <Step Id="synth_design"/>
  </Strategy>
</GenRun>
